scenario,seed,system_mode,learning_enabled,steps,sim_time_sec,wall_time_sec,tasks_completed,avg_completion_time_sec,median_completion_time_sec,total_collisions,total_deadlocks,total_waiting_steps,safety_interventions,planner_latency_ms,p95_planner_latency_ms,ml_inference_latency_ms,is_fallback,peak_memory_mb,cpu_utilization_pct
S0_NORMAL,42,deterministic_baseline,False,120,12.0,0.119,8,5.71,4.65,0,0,101,0,0.07,0.08,0.0,True,197.5,184.8
S0_NORMAL,42,learning_guided,True,120,12.0,0.458,9,6.02,5.7,0,0,10,0,0.1,0.15,1.897,False,202.8,0.0
S0_NORMAL,101,deterministic_baseline,False,120,12.0,0.28,7,5.66,5.4,0,0,0,0,0.13,0.15,0.0,True,202.9,0.0
S0_NORMAL,101,learning_guided,True,120,12.0,0.528,7,5.66,5.6,0,0,0,0,0.12,0.17,2.159,False,203.0,0.0
S0_NORMAL,202,deterministic_baseline,False,120,12.0,0.248,8,6.79,5.5,0,0,49,0,0.13,0.14,0.0,True,203.0,0.0
S0_NORMAL,202,learning_guided,True,120,12.0,0.279,8,6.49,5.5,0,0,63,0,0.07,0.08,1.136,False,203.0,0.0
S0_NORMAL,303,deterministic_baseline,False,120,12.0,0.117,8,5.85,6.15,0,0,97,0,0.06,0.06,0.0,True,203.1,23268.8
S0_NORMAL,303,learning_guided,True,120,12.0,0.314,8,5.46,5.65,0,0,78,0,0.09,0.14,1.125,False,203.1,0.0
S0_NORMAL,404,deterministic_baseline,False,120,12.0,0.231,7,6.04,6.5,0,0,124,0,0.12,0.14,0.0,True,203.1,0.0
S0_NORMAL,404,learning_guided,True,120,12.0,0.488,9,6.18,5.0,0,0,105,0,0.12,0.15,1.878,False,203.1,0.0
S0_NORMAL,505,deterministic_baseline,False,120,12.0,0.225,8,6.86,5.15,0,0,18,0,0.13,0.14,0.0,True,203.1,0.0
S0_NORMAL,505,learning_guided,True,120,12.0,0.29,8,5.76,4.75,0,0,162,0,0.09,0.15,1.05,False,203.1,0.0
S1_HIGH_CONGESTION,42,deterministic_baseline,False,120,12.0,0.679,9,5.78,5.8,0,0,0,0,0.13,0.14,0.0,True,208.1,0.0
S1_HIGH_CONGESTION,42,learning_guided,True,120,12.0,0.66,9,5.78,5.8,0,0,0,0,0.1,0.15,1.751,False,208.4,0.0
S1_HIGH_CONGESTION,101,deterministic_baseline,False,120,12.0,0.429,9,6.06,5.9,0,0,1,0,0.12,0.14,0.0,True,208.4,0.0
S1_HIGH_CONGESTION,101,learning_guided,True,120,12.0,0.692,10,5.89,5.9,0,0,0,0,0.09,0.15,1.522,False,208.0,0.0
S1_HIGH_CONGESTION,202,deterministic_baseline,False,120,12.0,0.366,8,6.78,6.65,0,0,1,0,0.13,0.14,0.0,True,208.0,0.0
S1_HIGH_CONGESTION,202,learning_guided,True,120,12.0,0.673,9,7.29,7.1,0,0,2,0,0.13,0.15,2.256,False,208.0,0.0
S1_HIGH_CONGESTION,303,deterministic_baseline,False,120,12.0,0.347,9,6.47,6.1,0,0,56,0,0.13,0.15,0.0,True,208.0,0.0
S1_HIGH_CONGESTION,303,learning_guided,True,120,12.0,0.55,10,6.72,6.7,0,0,61,0,0.12,0.15,2.065,False,208.0,0.0
S1_HIGH_CONGESTION,404,deterministic_baseline,False,120,12.0,0.486,9,7.06,6.7,0,0,0,0,0.09,0.14,0.0,True,208.4,0.0
S1_HIGH_CONGESTION,404,learning_guided,True,120,12.0,0.827,8,6.5,6.25,0,0,0,0,0.11,0.15,1.984,False,209.0,0.0
S1_HIGH_CONGESTION,505,deterministic_baseline,False,120,12.0,0.41,10,6.57,6.05,0,0,0,0,0.12,0.14,0.0,True,209.0,0.0
S1_HIGH_CONGESTION,505,learning_guided,True,120,12.0,0.688,10,6.57,6.05,0,0,0,0,0.12,0.15,2.125,False,209.0,4606.9
S4_AISLE_BLOCKAGE,42,deterministic_baseline,False,120,12.0,0.27,8,5.6,4.65,0,0,72,0,0.13,0.14,0.0,True,209.0,0.0
S4_AISLE_BLOCKAGE,42,learning_guided,True,120,12.0,0.531,9,6.3,6.4,0,0,15,0,0.12,0.16,2.025,False,209.0,0.0
S4_AISLE_BLOCKAGE,101,deterministic_baseline,False,120,12.0,0.286,9,6.24,5.6,0,0,26,0,0.13,0.14,0.0,True,209.0,0.0
S4_AISLE_BLOCKAGE,101,learning_guided,True,120,12.0,0.572,7,5.66,5.6,0,0,0,0,0.12,0.17,2.256,False,209.0,0.0
S4_AISLE_BLOCKAGE,202,deterministic_baseline,False,120,12.0,0.257,8,6.26,5.5,0,0,91,0,0.13,0.14,0.0,True,209.0,0.0
S4_AISLE_BLOCKAGE,202,learning_guided,True,120,12.0,0.917,8,6.21,5.5,0,0,85,0,0.23,0.26,3.615,False,209.0,0.0
S4_AISLE_BLOCKAGE,303,deterministic_baseline,False,120,12.0,0.365,8,5.69,5.5,0,0,120,0,0.16,0.22,0.0,True,209.0,0.0
S4_AISLE_BLOCKAGE,303,learning_guided,True,120,12.0,0.602,8,5.39,5.65,0,0,108,0,0.14,0.17,2.385,False,209.0,0.0
S4_AISLE_BLOCKAGE,404,deterministic_baseline,False,120,12.0,0.276,7,6.04,6.5,0,0,124,0,0.14,0.14,0.0,True,209.0,0.0
S4_AISLE_BLOCKAGE,404,learning_guided,True,120,12.0,0.49,9,6.19,5.0,0,0,107,0,0.12,0.15,1.817,False,209.0,0.0
S4_AISLE_BLOCKAGE,505,deterministic_baseline,False,120,12.0,0.151,9,6.68,5.7,0,0,85,0,0.08,0.14,0.0,True,209.0,0.0
S4_AISLE_BLOCKAGE,505,learning_guided,True,120,12.0,0.464,8,5.48,4.75,0,0,174,0,0.13,0.15,1.987,False,209.0,0.0
S5_ROBOT_FAILURE,42,deterministic_baseline,False,120,12.0,0.256,8,5.6,4.65,0,0,72,0,0.12,0.14,0.0,True,209.0,0.0
S5_ROBOT_FAILURE,42,learning_guided,True,120,12.0,0.271,9,6.3,6.4,0,0,15,0,0.07,0.09,0.984,False,209.0,0.0
S5_ROBOT_FAILURE,101,deterministic_baseline,False,120,12.0,0.272,9,6.24,5.6,0,0,26,0,0.12,0.14,0.0,True,209.0,0.0
S5_ROBOT_FAILURE,101,learning_guided,True,120,12.0,0.365,7,5.66,5.6,0,0,0,0,0.09,0.14,1.352,False,209.0,0.0
S5_ROBOT_FAILURE,202,deterministic_baseline,False,120,12.0,0.252,8,6.26,5.5,0,0,91,0,0.13,0.14,0.0,True,209.0,0.0
S5_ROBOT_FAILURE,202,learning_guided,True,120,12.0,0.297,8,6.21,5.5,0,0,85,0,0.07,0.08,1.304,False,209.0,0.0
S5_ROBOT_FAILURE,303,deterministic_baseline,False,120,12.0,0.254,8,5.69,5.5,0,0,120,0,0.13,0.24,0.0,True,209.0,0.0
S5_ROBOT_FAILURE,303,learning_guided,True,120,12.0,0.938,8,5.39,5.65,0,0,108,0,0.22,0.27,3.793,False,209.0,0.0
S5_ROBOT_FAILURE,404,deterministic_baseline,False,120,12.0,0.324,7,6.04,6.5,0,0,124,0,0.15,0.25,0.0,True,209.0,0.0
S5_ROBOT_FAILURE,404,learning_guided,True,120,12.0,0.365,9,6.19,5.0,0,0,107,0,0.09,0.11,1.464,False,209.0,0.0
S5_ROBOT_FAILURE,505,deterministic_baseline,False,120,12.0,0.132,9,6.68,5.7,0,0,85,0,0.08,0.08,0.0,True,209.0,0.0
S5_ROBOT_FAILURE,505,learning_guided,True,120,12.0,0.469,8,5.48,4.75,0,0,174,0,0.14,0.26,1.856,False,209.0,0.0
S7_COMM_AND_BLOCKAGE,42,deterministic_baseline,False,120,12.0,0.292,8,5.6,4.65,0,0,72,0,0.14,0.24,0.0,True,209.0,0.0
S7_COMM_AND_BLOCKAGE,42,learning_guided,True,120,12.0,0.626,9,6.3,6.4,0,0,15,0,0.15,0.26,2.451,False,209.0,0.0
S7_COMM_AND_BLOCKAGE,101,deterministic_baseline,False,120,12.0,0.353,9,6.24,5.6,0,0,26,0,0.15,0.23,0.0,True,209.0,0.0
S7_COMM_AND_BLOCKAGE,101,learning_guided,True,120,12.0,0.592,7,5.66,5.6,0,0,0,0,0.14,0.26,2.252,False,209.0,0.0
S7_COMM_AND_BLOCKAGE,202,deterministic_baseline,False,120,12.0,0.338,8,6.26,5.5,0,0,91,0,0.17,0.24,0.0,True,209.0,0.0
S7_COMM_AND_BLOCKAGE,202,learning_guided,True,120,12.0,0.624,8,6.21,5.5,0,0,85,0,0.16,0.26,2.557,False,209.0,1753.9
S7_COMM_AND_BLOCKAGE,303,deterministic_baseline,False,120,12.0,0.317,8,5.69,5.5,0,0,120,0,0.14,0.25,0.0,True,209.0,0.0
S7_COMM_AND_BLOCKAGE,303,learning_guided,True,120,12.0,0.519,8,5.39,5.65,0,0,108,0,0.13,0.26,2.069,False,209.0,0.0
S7_COMM_AND_BLOCKAGE,404,deterministic_baseline,False,120,12.0,0.154,7,6.04,6.5,0,0,124,0,0.08,0.08,0.0,True,209.0,0.0
S7_COMM_AND_BLOCKAGE,404,learning_guided,True,120,12.0,0.759,9,6.19,5.0,0,0,107,0,0.2,0.27,2.973,False,209.0,0.0
S7_COMM_AND_BLOCKAGE,505,deterministic_baseline,False,120,12.0,0.27,9,6.68,5.7,0,0,85,0,0.15,0.24,0.0,True,209.0,0.0
S7_COMM_AND_BLOCKAGE,505,learning_guided,True,120,12.0,0.411,8,5.48,4.75,0,0,174,0,0.12,0.24,1.748,False,209.0,0.0
S8_FAILURE_AND_CONGESTION,42,deterministic_baseline,False,120,12.0,0.411,9,5.63,5.7,0,0,2,0,0.13,0.24,0.0,True,209.0,0.0
S8_FAILURE_AND_CONGESTION,42,learning_guided,True,120,12.0,0.416,9,5.63,5.7,0,0,0,0,0.09,0.11,1.228,False,208.9,0.0
S8_FAILURE_AND_CONGESTION,101,deterministic_baseline,False,120,12.0,0.398,12,7.23,6.3,0,0,0,0,0.11,0.23,0.0,True,208.9,0.0
S8_FAILURE_AND_CONGESTION,101,learning_guided,True,120,12.0,0.881,12,7.09,6.3,0,0,0,0,0.14,0.26,2.827,False,209.0,0.0
S8_FAILURE_AND_CONGESTION,202,deterministic_baseline,False,120,12.0,0.388,9,7.42,6.8,0,0,3,0,0.14,0.24,0.0,True,209.0,0.0
S8_FAILURE_AND_CONGESTION,202,learning_guided,True,120,12.0,0.512,8,6.69,6.45,0,0,0,0,0.1,0.23,1.523,False,209.0,858.3
S8_FAILURE_AND_CONGESTION,303,deterministic_baseline,False,120,12.0,0.376,8,5.92,5.7,0,0,83,0,0.13,0.24,0.0,True,209.0,0.0
S8_FAILURE_AND_CONGESTION,303,learning_guided,True,120,12.0,0.472,10,6.7,6.6,0,0,64,0,0.11,0.24,1.752,False,209.0,0.0
S8_FAILURE_AND_CONGESTION,404,deterministic_baseline,False,120,12.0,0.557,9,6.82,6.2,0,0,0,0,0.11,0.23,0.0,True,209.0,0.0
S8_FAILURE_AND_CONGESTION,404,learning_guided,True,120,12.0,1.172,10,6.88,6.25,0,0,3,0,0.17,0.25,2.796,False,209.5,0.0
S8_FAILURE_AND_CONGESTION,505,deterministic_baseline,False,120,12.0,0.439,9,5.97,5.7,0,0,0,0,0.14,0.24,0.0,True,209.5,0.0
S8_FAILURE_AND_CONGESTION,505,learning_guided,True,120,12.0,0.777,11,6.78,6.4,0,0,15,0,0.16,0.25,2.413,False,209.5,0.0
S9_FULL_COMBINED_DISTURBANCE,42,deterministic_baseline,False,120,12.0,0.364,10,5.46,5.5,0,0,23,0,0.15,0.23,0.0,True,209.5,0.0
S9_FULL_COMBINED_DISTURBANCE,42,learning_guided,True,120,12.0,0.856,9,6.34,5.8,0,0,0,0,0.2,0.26,3.24,False,209.5,0.0
S9_FULL_COMBINED_DISTURBANCE,101,deterministic_baseline,False,120,12.0,0.354,10,5.76,5.65,0,0,0,0,0.15,0.23,0.0,True,209.5,0.0
S9_FULL_COMBINED_DISTURBANCE,101,learning_guided,True,120,12.0,0.935,8,5.79,5.8,0,0,0,0,0.21,0.27,3.417,False,209.5,0.0
S9_FULL_COMBINED_DISTURBANCE,202,deterministic_baseline,False,120,12.0,0.331,9,6.06,5.7,0,0,3,0,0.14,0.24,0.0,True,209.5,0.0
S9_FULL_COMBINED_DISTURBANCE,202,learning_guided,True,120,12.0,0.662,9,6.03,5.7,0,0,3,0,0.15,0.26,2.513,False,209.5,0.0
S9_FULL_COMBINED_DISTURBANCE,303,deterministic_baseline,False,120,12.0,0.336,8,5.9,6.35,0,0,89,0,0.15,0.24,0.0,True,209.5,0.0
S9_FULL_COMBINED_DISTURBANCE,303,learning_guided,True,120,12.0,0.353,9,6.26,5.8,0,0,57,0,0.09,0.11,1.335,False,209.5,0.0
S9_FULL_COMBINED_DISTURBANCE,404,deterministic_baseline,False,120,12.0,0.292,9,6.43,6.5,0,0,0,0,0.13,0.23,0.0,True,209.5,0.0
S9_FULL_COMBINED_DISTURBANCE,404,learning_guided,True,120,12.0,0.809,9,6.4,6.3,0,0,0,0,0.19,0.27,3.126,False,209.5,0.0
S9_FULL_COMBINED_DISTURBANCE,505,deterministic_baseline,False,120,12.0,0.325,11,6.14,5.4,0,0,27,0,0.15,0.24,0.0,True,209.5,0.0
S9_FULL_COMBINED_DISTURBANCE,505,learning_guided,True,120,12.0,0.338,11,5.95,4.8,0,0,34,0,0.09,0.11,1.279,False,209.5,0.0
