Scenario,Baseline_Time_s,Proposed_Time_s,Reduction_Pct,Baseline_Waiting,Proposed_Waiting,Throughput_Gain_Pct,Bandwidth_Red_Pct
S0_NORMAL,9.34,8.58,8.08,194.2,378.6,13.11,-1.14
S1_HIGH_CONGESTION,10.28,8.32,19.01,19.2,29.4,14.85,-0.2
S2_COMM_LATENCY,8.95,7.71,13.85,182.6,324.6,9.56,-1.32
S3_PACKET_LOSS,8.95,7.71,13.85,182.6,324.6,9.56,-1.32
S4_AISLE_BLOCKAGE,8.96,7.77,13.28,182.0,324.7,8.82,-1.29
S5_ROBOT_FAILURE,8.67,7.66,11.58,101.8,273.0,6.62,-1.09
S6_TASK_SURGE,9.55,9.86,-3.26,275.9,499.6,15.97,-1.37
S7_COMM_AND_BLOCKAGE,8.96,7.77,13.28,182.0,324.7,8.82,-1.29
S8_FAILURE_AND_CONGESTION,9.88,8.0,18.99,21.7,27.3,4.43,-0.37
S9_FULL_COMBINED_DISTURBANCE,8.62,7.64,11.35,39.5,45.9,10.55,-1.15
