scenario,baseline_mean_time_sec,proposed_mean_time_sec,reduction_percent,baseline_mean_waiting,proposed_mean_waiting,waiting_reduction_percent,baseline_mean_tasks,proposed_mean_tasks,throughput_gain_percent,baseline_bytes_sec,proposed_bytes_sec,bandwidth_reduction_percent,proposed_total_collisions,baseline_mean_deadlocks,proposed_mean_deadlocks,mean_p95_planning_latency_ms,status
S0_NORMAL,9.2,6.15,33.1,458.7,758.5,-65.36,12.3,14.9,21.14,18624.9,18662.8,-0.2,0,0.0,0.0,0.94,PASS (>=20%)
S1_HIGH_CONGESTION,8.47,6.73,20.5,27.9,111.0,-297.85,23.3,27.9,19.74,19370.3,19283.8,0.45,0,0.0,0.0,1.09,PASS (>=20%)
S2_COMM_LATENCY,8.55,6.1,28.67,473.5,686.8,-45.05,13.4,16.6,23.88,18685.9,18694.9,-0.05,0,0.0,0.0,0.94,PASS (>=20%)
S3_PACKET_LOSS,8.55,6.1,28.67,473.5,686.8,-45.05,13.4,16.6,23.88,18685.8,18694.9,-0.05,0,0.0,0.0,0.99,PASS (>=20%)
S4_AISLE_BLOCKAGE,8.54,6.13,28.21,488.0,688.1,-41.0,13.4,16.5,23.13,18696.7,18699.3,-0.01,0,0.0,0.0,0.95,PASS (>=20%)
S5_ROBOT_FAILURE,8.52,6.12,28.12,367.3,565.5,-53.96,13.5,16.5,22.22,17827.6,17814.0,0.08,0,0.0,0.0,0.94,PASS (>=20%)
S6_TASK_SURGE,9.66,7.06,26.87,684.7,852.4,-24.49,11.9,15.7,31.93,18722.7,18643.2,0.42,0,0.0,0.0,1.01,PASS (>=20%)
S7_COMM_AND_BLOCKAGE,8.54,6.13,28.21,488.0,688.1,-41.0,13.4,16.5,23.13,18696.7,18699.3,-0.01,0,0.0,0.0,0.94,PASS (>=20%)
S8_FAILURE_AND_CONGESTION,8.25,6.99,15.31,41.2,106.9,-159.47,23.5,22.7,-3.4,17745.5,17892.4,-0.83,0,0.0,0.0,1.07,SUB-TARGET
S9_FULL_COMBINED_DISTURBANCE,8.72,6.7,23.19,50.2,128.7,-156.37,23.2,24.5,5.6,18589.7,18539.4,0.27,0,0.0,0.0,0.99,PASS (>=20%)
