scenario,seed,baseline_completion_time_sec,proposed_completion_time_sec,reduction_percent,baseline_waiting_steps,proposed_waiting_steps,waiting_reduction_percent,baseline_tasks,proposed_tasks,throughput_gain_percent,baseline_bytes_per_sec,proposed_bytes_per_sec,bandwidth_reduction_percent,proposed_collisions,proposed_deadlocks,baseline_deadlocks,p95_planning_latency_ms,peak_ram_mb
S0_NORMAL,42,11.09,8.66,21.91,328,409,-24.7,13,13,0.0,18518.5,18797.9,-1.51,0,0,0,0.14,47.9
S0_NORMAL,101,8.62,6.8,21.11,243,332,-36.63,18,18,0.0,18646.5,18987.6,-1.83,0,0,0,0.1,48.1
S0_NORMAL,202,7.87,7.68,2.41,301,523,-73.75,10,11,10.0,18490.8,18665.5,-0.94,0,0,0,0.09,48.1
S0_NORMAL,303,9.5,12.75,-34.21,309,379,-22.65,9,11,22.22,18457.3,19116.2,-3.57,0,0,0,0.08,48.2
S0_NORMAL,404,9.52,8.45,11.24,8,77,-862.5,14,15,7.14,18435.9,18724.3,-1.56,0,0,0,0.09,48.2
S0_NORMAL,505,9.68,7.97,17.67,269,366,-36.06,12,14,16.67,18488.7,18575.6,-0.47,0,0,0,0.09,48.2
S0_NORMAL,606,9.2,8.62,6.3,210,672,-220.0,10,12,20.0,18424.8,18481.0,-0.31,0,0,0,0.09,48.2
S0_NORMAL,707,12.54,8.66,30.94,51,337,-560.78,13,14,7.69,18486.9,18721.4,-1.27,0,0,0,0.08,48.2
S0_NORMAL,808,6.21,8.45,-36.07,47,265,-463.83,10,15,50.0,18814.7,18738.3,0.41,0,0,0,0.08,53.1
S0_NORMAL,909,9.13,7.78,14.79,176,426,-142.05,13,15,15.38,18637.1,18711.5,-0.4,0,0,0,0.08,53.1
S1_HIGH_CONGESTION,42,10.13,7.62,24.78,6,13,-116.67,23,26,13.04,19177.3,19195.7,-0.1,0,0,0,0.09,53.1
S1_HIGH_CONGESTION,101,14.0,10.46,25.29,7,0,100.0,23,30,30.43,19229.7,19472.2,-1.26,0,0,0,0.1,53.1
S1_HIGH_CONGESTION,202,7.94,7.82,1.51,0,0,0.0,23,25,8.7,18992.6,19002.2,-0.05,0,0,0,0.09,53.7
S1_HIGH_CONGESTION,303,9.96,7.58,23.9,26,0,100.0,23,26,13.04,19259.8,19207.4,0.27,0,0,0,0.09,53.7
S1_HIGH_CONGESTION,404,9.17,8.54,6.87,15,11,26.67,26,26,0.0,19131.8,19186.2,-0.28,0,0,0,0.1,53.7
S1_HIGH_CONGESTION,505,8.44,7.52,10.9,71,142,-100.0,25,24,-4.0,19091.4,19026.5,0.34,0,0,0,0.09,53.7
S1_HIGH_CONGESTION,606,11.0,7.75,29.55,5,0,100.0,23,23,0.0,19067.5,18993.9,0.39,0,0,0,0.11,53.2
S1_HIGH_CONGESTION,707,9.35,8.88,5.03,38,0,100.0,23,29,26.09,19239.9,19407.2,-0.87,0,0,0,0.16,53.2
S1_HIGH_CONGESTION,808,10.93,8.38,23.33,0,35,-3500.0,25,29,16.0,19337.7,19388.1,-0.26,0,0,0,0.09,53.1
S1_HIGH_CONGESTION,909,11.85,8.68,26.75,24,93,-287.5,15,25,66.67,19103.3,19127.0,-0.12,0,0,0,0.08,53.3
S2_COMM_LATENCY,42,9.08,7.26,20.04,368,601,-63.32,12,13,8.33,18613.3,18801.4,-1.01,0,0,0,0.08,53.3
S2_COMM_LATENCY,101,8.15,6.59,19.14,150,150,0.0,19,19,0.0,18699.7,18998.4,-1.6,0,0,0,0.08,53.3
S2_COMM_LATENCY,202,6.24,6.07,2.72,362,380,-4.97,10,10,0.0,18478.5,18880.9,-2.18,0,0,0,0.09,53.3
S2_COMM_LATENCY,303,12.26,10.04,18.11,3,96,-3100.0,13,14,7.69,18544.3,19020.2,-2.57,0,0,0,0.09,53.3
S2_COMM_LATENCY,404,7.98,7.39,7.39,140,215,-53.57,16,17,6.25,18511.9,18717.8,-1.11,0,0,0,0.09,53.3
S2_COMM_LATENCY,505,8.52,6.26,26.53,334,718,-114.97,12,14,16.67,18431.0,18605.3,-0.95,0,0,0,0.12,53.3
S2_COMM_LATENCY,606,11.18,8.88,20.57,45,386,-757.78,13,14,7.69,18428.5,18573.4,-0.79,0,0,0,0.08,53.3
S2_COMM_LATENCY,707,10.28,7.8,24.12,188,401,-113.3,15,16,6.67,18479.5,18596.3,-0.63,0,0,0,0.08,53.3
S2_COMM_LATENCY,808,6.27,8.07,-28.71,43,98,-127.91,12,18,50.0,18835.4,18961.9,-0.67,0,0,0,0.08,53.3
S2_COMM_LATENCY,909,9.56,8.76,8.37,193,201,-4.15,14,14,0.0,18656.3,18979.2,-1.73,0,0,0,0.07,53.3
S3_PACKET_LOSS,42,9.08,7.26,20.04,368,601,-63.32,12,13,8.33,18613.3,18801.4,-1.01,0,0,0,0.08,53.3
S3_PACKET_LOSS,101,8.15,6.59,19.14,150,150,0.0,19,19,0.0,18699.7,18998.4,-1.6,0,0,0,0.08,53.3
S3_PACKET_LOSS,202,6.24,6.07,2.72,362,380,-4.97,10,10,0.0,18478.5,18880.9,-2.18,0,0,0,0.07,53.3
S3_PACKET_LOSS,303,12.26,10.04,18.11,3,96,-3100.0,13,14,7.69,18544.3,19020.2,-2.57,0,0,0,0.09,53.3
S3_PACKET_LOSS,404,7.98,7.39,7.39,140,215,-53.57,16,17,6.25,18511.9,18717.8,-1.11,0,0,0,0.09,53.3
S3_PACKET_LOSS,505,8.52,6.26,26.53,334,718,-114.97,12,14,16.67,18431.0,18605.3,-0.95,0,0,0,0.08,53.3
S3_PACKET_LOSS,606,11.18,8.88,20.57,45,386,-757.78,13,14,7.69,18428.5,18573.4,-0.79,0,0,0,0.08,53.3
S3_PACKET_LOSS,707,10.28,7.8,24.12,188,401,-113.3,15,16,6.67,18479.5,18596.3,-0.63,0,0,0,0.09,53.3
S3_PACKET_LOSS,808,6.27,8.07,-28.71,43,98,-127.91,12,18,50.0,18835.4,18961.9,-0.67,0,0,0,0.08,53.3
S3_PACKET_LOSS,909,9.56,8.76,8.37,193,201,-4.15,14,14,0.0,18656.3,18979.2,-1.73,0,0,0,0.08,53.3
S4_AISLE_BLOCKAGE,42,9.08,7.26,20.04,368,601,-63.32,12,13,8.33,18615.3,18805.5,-1.02,0,0,0,0.08,53.3
S4_AISLE_BLOCKAGE,101,8.17,6.63,18.85,148,148,0.0,19,19,0.0,18721.5,19003.9,-1.51,0,0,0,0.09,53.3
S4_AISLE_BLOCKAGE,202,6.28,6.16,1.91,358,386,-7.82,10,10,0.0,18484.9,18834.8,-1.89,0,0,0,0.09,53.3
S4_AISLE_BLOCKAGE,303,12.26,10.45,14.76,3,91,-2933.33,13,13,0.0,18533.4,19028.4,-2.67,0,0,0,0.08,53.3
S4_AISLE_BLOCKAGE,404,7.98,7.41,7.14,140,213,-52.14,16,17,6.25,18515.2,18706.9,-1.04,0,0,0,0.08,53.3
S4_AISLE_BLOCKAGE,505,8.52,6.26,26.53,334,718,-114.97,12,14,16.67,18434.1,18608.9,-0.95,0,0,0,0.08,53.3
S4_AISLE_BLOCKAGE,606,11.18,8.88,20.57,45,386,-757.78,13,14,7.69,18431.8,18576.5,-0.79,0,0,0,0.08,53.3
S4_AISLE_BLOCKAGE,707,10.28,7.8,24.12,188,401,-113.3,15,16,6.67,18481.6,18600.6,-0.64,0,0,0,0.08,53.3
S4_AISLE_BLOCKAGE,808,6.27,8.07,-28.71,43,98,-127.91,12,18,50.0,18837.0,18965.0,-0.68,0,0,0,0.08,53.3
S4_AISLE_BLOCKAGE,909,9.56,8.76,8.37,193,205,-6.22,14,14,0.0,18659.9,18987.2,-1.75,0,0,0,0.08,53.3
S5_ROBOT_FAILURE,42,9.08,7.26,20.04,267,500,-87.27,12,13,8.33,17764.2,17939.3,-0.99,0,0,0,0.08,53.3
S5_ROBOT_FAILURE,101,8.15,6.94,14.85,49,148,-202.04,19,21,10.53,17857.3,18044.8,-1.05,0,0,0,0.18,53.3
S5_ROBOT_FAILURE,202,6.24,6.07,2.72,132,292,-121.21,10,10,0.0,17702.9,17980.1,-1.57,0,0,0,0.08,53.3
S5_ROBOT_FAILURE,303,9.43,10.47,-11.03,30,179,-496.67,12,12,0.0,17721.6,18152.1,-2.43,0,0,0,0.09,53.3
S5_ROBOT_FAILURE,404,8.75,7.63,12.8,30,104,-246.67,15,17,13.33,17749.8,17913.0,-0.92,0,0,0,0.1,53.3
S5_ROBOT_FAILURE,505,8.29,6.26,24.49,227,617,-171.81,13,14,7.69,17583.0,17713.1,-0.74,0,0,0,0.09,53.3
S5_ROBOT_FAILURE,606,10.44,8.24,21.07,55,257,-367.27,14,13,-7.14,17574.5,17753.7,-1.02,0,0,0,0.08,53.3
S5_ROBOT_FAILURE,707,10.41,7.8,25.07,101,300,-197.03,15,16,6.67,17750.0,17747.3,0.02,0,0,0,0.09,53.3
S5_ROBOT_FAILURE,808,6.32,6.09,3.64,35,170,-385.71,12,12,0.0,17953.8,18146.5,-1.07,0,0,0,0.09,53.3
S5_ROBOT_FAILURE,909,9.56,9.87,-3.24,92,163,-77.17,14,17,21.43,17811.9,18008.1,-1.1,0,0,0,0.09,53.3
S6_TASK_SURGE,42,8.75,8.65,1.14,21,391,-1761.9,11,15,36.36,19058.9,18956.1,0.54,0,0,0,0.09,53.3
S6_TASK_SURGE,101,7.53,10.72,-42.36,179,546,-205.03,11,13,18.18,18846.5,19021.8,-0.93,0,0,0,0.09,53.4
S6_TASK_SURGE,202,9.59,9.57,0.21,319,498,-56.11,12,13,8.33,18534.6,18933.5,-2.15,0,0,0,0.08,53.4
S6_TASK_SURGE,303,9.19,7.85,14.58,341,631,-85.04,12,13,8.33,18496.9,18644.9,-0.8,0,0,0,0.08,53.4
S6_TASK_SURGE,404,11.67,9.92,15.0,317,471,-48.58,12,13,8.33,18579.4,18949.9,-1.99,0,0,0,0.09,53.4
S6_TASK_SURGE,505,9.18,8.65,5.77,374,576,-54.01,13,16,23.08,18487.2,18817.5,-1.79,0,0,0,0.09,53.4
S6_TASK_SURGE,606,9.72,10.84,-11.52,323,466,-44.27,11,12,9.09,18541.9,18769.6,-1.23,0,0,0,0.14,53.4
S6_TASK_SURGE,707,11.94,14.29,-19.68,251,284,-13.15,13,15,15.38,18731.1,19527.9,-4.25,0,0,0,0.08,53.4
S6_TASK_SURGE,808,8.76,9.37,-6.96,418,627,-50.0,12,13,8.33,18563.3,18695.3,-0.71,0,0,0,0.09,53.4
S6_TASK_SURGE,909,9.2,8.78,4.57,216,506,-134.26,12,15,25.0,18743.8,18832.5,-0.47,0,0,0,0.08,53.4
S7_COMM_AND_BLOCKAGE,42,9.08,7.26,20.04,368,601,-63.32,12,13,8.33,18615.3,18805.5,-1.02,0,0,0,0.08,53.4
S7_COMM_AND_BLOCKAGE,101,8.17,6.63,18.85,148,148,0.0,19,19,0.0,18721.5,19003.9,-1.51,0,0,0,0.08,53.4
S7_COMM_AND_BLOCKAGE,202,6.28,6.16,1.91,358,386,-7.82,10,10,0.0,18484.9,18834.8,-1.89,0,0,0,0.12,53.4
S7_COMM_AND_BLOCKAGE,303,12.26,10.45,14.76,3,91,-2933.33,13,13,0.0,18533.4,19028.4,-2.67,0,0,0,0.07,53.4
S7_COMM_AND_BLOCKAGE,404,7.98,7.41,7.14,140,213,-52.14,16,17,6.25,18515.2,18706.9,-1.04,0,0,0,0.08,53.4
S7_COMM_AND_BLOCKAGE,505,8.52,6.26,26.53,334,718,-114.97,12,14,16.67,18434.1,18608.9,-0.95,0,0,0,0.08,53.4
S7_COMM_AND_BLOCKAGE,606,11.18,8.88,20.57,45,386,-757.78,13,14,7.69,18431.8,18576.5,-0.79,0,0,0,0.07,53.4
S7_COMM_AND_BLOCKAGE,707,10.28,7.8,24.12,188,401,-113.3,15,16,6.67,18481.6,18600.6,-0.64,0,0,0,0.08,53.4
S7_COMM_AND_BLOCKAGE,808,6.27,8.07,-28.71,43,98,-127.91,12,18,50.0,18837.0,18965.0,-0.68,0,0,0,0.09,53.4
S7_COMM_AND_BLOCKAGE,909,9.56,8.76,8.37,193,205,-6.22,14,14,0.0,18659.9,18987.2,-1.75,0,0,0,0.09,53.4
S8_FAILURE_AND_CONGESTION,42,9.59,6.75,29.61,22,38,-72.73,20,16,-20.0,17621.7,17864.7,-1.38,0,0,0,0.09,53.3
S8_FAILURE_AND_CONGESTION,101,12.82,8.94,30.27,2,3,-50.0,21,27,28.57,17923.0,18088.1,-0.92,0,0,0,0.09,53.4
S8_FAILURE_AND_CONGESTION,202,8.54,8.99,-5.27,22,28,-27.27,21,16,-23.81,17629.2,17847.3,-1.24,0,0,0,0.09,53.4
S8_FAILURE_AND_CONGESTION,303,8.89,7.91,11.02,18,14,22.22,19,20,5.26,17740.3,17995.3,-1.44,0,0,0,0.08,53.5
S8_FAILURE_AND_CONGESTION,404,8.72,7.83,10.21,44,10,77.27,17,22,29.41,17817.1,17822.2,-0.03,0,0,0,0.14,54.0
S8_FAILURE_AND_CONGESTION,505,7.7,7.72,-0.26,78,143,-83.33,22,22,0.0,17518.5,17693.5,-1.0,0,0,0,0.1,54.0
S8_FAILURE_AND_CONGESTION,606,10.69,8.05,24.7,12,0,100.0,18,20,11.11,17754.9,17508.0,1.39,0,0,0,0.08,53.4
S8_FAILURE_AND_CONGESTION,707,8.9,7.9,11.24,12,22,-83.33,21,23,9.52,17969.2,17900.9,0.38,0,0,0,0.09,53.5
S8_FAILURE_AND_CONGESTION,808,8.65,7.82,9.6,5,10,-100.0,24,25,4.17,17971.3,17978.5,-0.04,0,0,0,0.1,53.3
S8_FAILURE_AND_CONGESTION,909,14.26,8.1,43.2,2,5,-150.0,20,21,5.0,17829.9,17739.3,0.51,0,0,0,0.09,53.5
S9_FULL_COMBINED_DISTURBANCE,42,8.26,7.14,13.56,10,5,50.0,19,21,10.53,18536.2,18646.0,-0.59,0,0,0,0.09,53.5
S9_FULL_COMBINED_DISTURBANCE,101,10.54,9.08,13.85,22,26,-18.18,23,29,26.09,18851.9,19059.0,-1.1,0,0,0,0.1,53.5
S9_FULL_COMBINED_DISTURBANCE,202,8.02,7.21,10.1,58,98,-68.97,21,24,14.29,18403.1,18572.1,-0.92,0,0,0,0.12,53.5
S9_FULL_COMBINED_DISTURBANCE,303,8.16,7.68,5.88,22,10,54.55,24,24,0.0,18632.5,18903.5,-1.45,0,0,0,0.12,53.5
S9_FULL_COMBINED_DISTURBANCE,404,8.02,8.13,-1.37,62,110,-77.42,23,24,4.35,18457.8,18871.0,-2.24,0,0,0,0.1,53.5
S9_FULL_COMBINED_DISTURBANCE,505,7.05,7.13,-1.13,149,72,51.68,22,22,0.0,18235.5,18495.3,-1.42,0,0,0,0.14,53.5
S9_FULL_COMBINED_DISTURBANCE,606,8.08,8.08,0.0,14,19,-35.71,20,18,-10.0,18165.1,18650.0,-2.67,0,0,0,0.08,53.5
S9_FULL_COMBINED_DISTURBANCE,707,10.58,6.18,41.59,31,1,96.77,22,28,27.27,18659.1,18832.5,-0.93,0,0,0,0.07,53.5
S9_FULL_COMBINED_DISTURBANCE,808,7.9,6.87,13.04,18,18,0.0,25,28,12.0,18667.7,18711.7,-0.24,0,0,0,0.11,53.5
S9_FULL_COMBINED_DISTURBANCE,909,9.56,8.89,7.01,9,100,-1011.11,19,23,21.05,18733.5,18735.0,-0.01,0,0,0,0.1,53.5
