Scenario_ID,Name,Baseline_Mean_Sec,Proposed_Mean_Sec,Reduction_Pct,Throughput_Gain_Pct,Proposed_Collisions,Baseline_Collisions,Deadlocks
S0_NORMAL,Nominal Warehouse Poisson Stream,9.17,6.36,30.64,20.33,0,0,0
S1_HIGH_CONGESTION,Choke-Point Bottleneck,8.27,6.71,18.86,11.24,0,0,0
S2_COMM_LATENCY,250ms Wireless Transport Latency,8.73,6.36,27.15,25.38,0,0,0
S3_PACKET_LOSS,25% Random Mesh Packet Drop,8.88,6.36,28.38,20.87,0,0,0
S4_AISLE_BLOCKAGE,Dynamic Obstacle / Aisle Blockage,8.5,6.44,24.24,25.38,0,164,0
S5_ROBOT_FAILURE,Robot Motor Failure & Peer Reclaim,9.04,6.47,28.43,13.7,0,0,0
S6_TASK_SURGE,Burst Task Generation Surge,9.91,7.55,23.81,27.63,0,0,0
S7_COMM_AND_BLOCKAGE,Packet Loss + Corridor Blockage,8.72,6.36,27.06,20.01,0,0,0
S8_FAILURE_AND_CONGESTION,Choke-Point + Robot Hardware Stall,8.1,6.6,18.52,6.34,0,0,0
S9_FULL_COMBINED_DISTURBANCE,Full Multi-Disturbance Matrix,8.71,6.88,21.01,3.45,0,191,0
